filename,line_number,function_name,primitive_calls,total_calls,total_time_s,cumulative_time_s,total_time_per_call_s,cumulative_time_per_call_s
c:\works\nexusep\nexusep\nexusep\abbey\run_test_18_21_profiling.py,42,run_loop,1,1,0.0109879,6.5282441,0.0109879,6.5282441
C:\Works\NexusEP\NexusEP\nexusep\abbey\arrays\timestep.py,858,run_array_timestep,8760,8760,0.0345571,6.5172562,3.944874429223744e-06,0.0007439790182648402
C:\Works\NexusEP\NexusEP\nexusep\abbey\arrays\timestep.py,509,run_array_timestep_arrays,8760,8760,0.0967549,5.944555800000001,1.10450799086758e-05,0.0006786022602739727
C:\Works\NexusEP\NexusEP\nexusep\abbey\arrays\action_kernels.py,988,score_all_person_actions,8760,8760,1.0752491,1.155826,0.0001227453310502283,0.00013194360730593607
C:\Works\NexusEP\NexusEP\nexusep\abbey\arrays\person_kernels.py,1080,update_person_dynamics,8760,8760,0.12480150000000001,0.8938536,1.4246746575342467e-05,0.00010203808219178082
C:\Works\NexusEP\NexusEP\nexusep\abbey\arrays\execution_kernels.py,1254,run_execution_step_from_chosen_actions,8760,8760,0.0086639,0.6488003,9.890296803652968e-07,7.406396118721462e-05
C:\Works\NexusEP\NexusEP\nexusep\abbey\arrays\daylight_kernels.py,567,run_daylight_step,8760,8760,0.0045449,0.5785414,5.18824200913242e-07,6.604353881278538e-05
C:\Works\NexusEP\NexusEP\nexusep\abbey\arrays\daylight_kernels.py,522,step_building_daylight,8760,8760,0.0196436,0.5739965,2.242420091324201e-06,6.552471461187215e-05
C:\Works\NexusEP\NexusEP\nexusep\abbey\arrays\daylight_kernels.py,458,step_zone_daylight,43800,43800,0.0502159,0.5543529,1.1464817351598174e-06,1.265645890410959e-05
C:\Works\NexusEP\NexusEP\nexusep\abbey\arrays\person_kernels.py,630,update_person_perception,8760,8760,0.2085235,0.541188,2.3804052511415525e-05,6.177945205479452e-05
C:\Works\NexusEP\NexusEP\nexusep\abbey\arrays\logger.py,304,write_current_state_to_logs,8760,8760,0.0197919,0.5305819,2.259349315068493e-06,6.0568710045662105e-05
C:\Works\NexusEP\NexusEP\nexusep\abbey\arrays\execution_kernels.py,1104,advance_execution_state_arrays,8760,8760,0.0139836,0.4668334,1.5963013698630138e-06,5.329148401826484e-05
C:\Works\NexusEP\NexusEP\nexusep\abbey\arrays\airflow_kernels.py,727,run_airflow_step,8760,8760,0.006089000000000001,0.4215535,6.950913242009134e-07,4.812254566210046e-05
C:\Works\NexusEP\NexusEP\nexusep\abbey\arrays\airflow_kernels.py,677,step_building_airflow,8760,8760,0.0087335,0.4154645,9.96974885844749e-07,4.742745433789954e-05
C:\Works\NexusEP\NexusEP\nexusep\abbey\arrays\system_kernels.py,573,enforce_system_constraints,17520,17520,0.38338570000000005,0.38338570000000005,2.1882745433789956e-05,2.1882745433789956e-05
C:\Works\NexusEP\NexusEP\nexusep\abbey\arrays\thermal_kernels.py,1258,run_thermal_step,8760,8760,0.006398200000000001,0.3630429,7.303881278538814e-07,4.144325342465754e-05
C:\Works\NexusEP\NexusEP\nexusep\abbey\arrays\airflow_kernels.py,545,calculate_all_zone_airflow_components_m3_s,8760,8760,0.057330200000000005,0.35805050000000005,6.544543378995434e-06,4.0873344748858455e-05
C:\Works\NexusEP\NexusEP\nexusep\abbey\arrays\thermal_kernels.py,832,step_building_thermal_semi_implicit_fast,8760,8760,0.35664470000000004,0.35664470000000004,4.071286529680366e-05,4.071286529680366e-05
C:\Works\NexusEP\NexusEP\nexusep\abbey\arrays\timestep.py,452,run_system_update_if_available,8760,8760,0.005619600000000001,0.3247897,6.415068493150686e-07,3.70764497716895e-05
C:\Works\NexusEP\NexusEP\nexusep\abbey\arrays\person_kernels.py,142,fanger_pmv_scalar,28470,28470,0.28292300000000004,0.3241119,9.937583421145066e-06,1.1384330874604848e-05
C:\Works\NexusEP\NexusEP\nexusep\abbey\arrays\system_kernels.py,1411,update_system_control_state,8760,8760,0.012003900000000001,0.3191701,1.3703082191780824e-06,3.643494292237443e-05
C:\Works\NexusEP\NexusEP\nexusep\abbey\arrays\execution_kernels.py,855,advance_foreground_actions,8760,8760,0.06298250000000001,0.28707740000000004,7.189783105022832e-06,3.2771392694063934e-05
C:\Works\NexusEP\NexusEP\nexusep\abbey\arrays\daylight_kernels.py,268,calculate_zone_daylight_lux,43800,43800,0.0575178,0.2780144,1.3131917808219178e-06,6.3473607305936075e-06
C:\Works\NexusEP\NexusEP\nexusep\abbey\arrays\co2_kernels.py,533,run_co2_step,8760,8760,0.0042169,0.2747796,4.813812785388128e-07,3.1367534246575344e-05
C:\Works\NexusEP\NexusEP\nexusep\abbey\arrays\co2_kernels.py,487,step_building_co2_balance,8760,8760,0.0212903,0.2705627,2.4303995433789958e-06,3.088615296803653e-05
C:\Works\NexusEP\NexusEP\nexusep\abbey\arrays\airflow_kernels.py,499,calculate_zone_airflow_components_m3_s,43800,43800,0.0450167,0.2688794,1.0277785388127853e-06,6.138799086757991e-06
C:\Works\NexusEP\NexusEP\nexusep\abbey\arrays\co2_kernels.py,398,step_zone_co2_balance,43800,43800,0.0909949,0.23347980000000002,2.0775091324200916e-06,5.330589041095891e-06
C:\Works\NexusEP\NexusEP\nexusep\abbey\arrays\moisture_kernels.py,1156,run_moisture_step,8760,8760,0.007956300000000001,0.21846010000000002,9.082534246575344e-07,2.4938367579908678e-05
C:\Works\NexusEP\NexusEP\nexusep\abbey\arrays\moisture_kernels.py,809,step_building_moisture_balance_fast,8760,8760,0.1918292,0.21050380000000002,2.1898310502283105e-05,2.4030114155251145e-05
C:\Works\NexusEP\NexusEP\nexusep\abbey\arrays\timestep.py,485,enforce_system_constraints_if_available,8760,8760,0.0055361,0.19808330000000002,6.319748858447489e-07,2.261224885844749e-05
C:\Works\NexusEP\NexusEP\nexusep\abbey\arrays\execution_kernels.py,755,start_chosen_actions,8760,8760,0.029012200000000002,0.173303,3.31189497716895e-06,1.9783447488584477e-05
C:\Works\NexusEP\NexusEP\nexusep\abbey\arrays\execution_kernels.py,802,add_foreground_action_outputs,33365,33365,0.0488303,0.1679069,1.4635186572755882e-06,5.032426195114641e-06
C:\Works\NexusEP\NexusEP\nexusep\abbey\arrays\daylight_kernels.py,339,calculate_zone_solar_gain_w,43800,43800,0.0388036,0.1622058,8.859269406392694e-07,3.703328767123288e-06
C:\Works\NexusEP\NexusEP\nexusep\abbey\arrays\logger.py,434,write_zone_log,8760,8760,0.1582079,0.1600027,1.8060262557077628e-05,1.8265148401826484e-05
C:\Works\NexusEP\NexusEP\nexusep\abbey\arrays\daylight_kernels.py,160,calculate_zone_effective_window_area_m2,63875,63875,0.0475242,0.1561027,7.440187866927593e-07,2.443877886497065e-06
C:\Works\NexusEP\NexusEP\nexusep\abbey\arrays\timestep.py,1109,sanitize_person_state_values,8760,8760,0.1536632,0.1536632,1.754146118721461e-05,1.754146118721461e-05
C:\Works\NexusEP\NexusEP\nexusep\abbey\arrays\execution_kernels.py,697,start_action_for_person,35040,35040,0.044969300000000004,0.1416181,1.2833704337899544e-06,4.041612442922374e-06
C:\Works\NexusEP\NexusEP\nexusep\abbey\arrays\logger.py,330,write_person_log,8760,8760,0.1365354,0.1393426,1.558623287671233e-05,1.5906689497716897e-05
C:\Works\NexusEP\NexusEP\nexusep\abbey\arrays\person_kernels.py,903,update_person_needs,8760,8760,0.1340918,0.1340918,1.530728310502283e-05,1.530728310502283e-05
C:\Works\NexusEP\NexusEP\nexusep\abbey\arrays\timestep.py,1036,clear_timestep_accumulators,8760,8760,0.1336573,0.1336573,1.5257682648401828e-05,1.5257682648401828e-05
C:\Works\NexusEP\NexusEP\nexusep\abbey\arrays\timestep.py,296,add_occupant_internal_gains,8760,8760,0.0298098,0.13184500000000002,3.402945205479452e-06,1.5050799086757992e-05
C:\Works\NexusEP\NexusEP\nexusep\abbey\arrays\logger.py,536,write_system_log,8760,8760,0.12661360000000002,0.1282153,1.4453607305936075e-05,1.4636449771689499e-05
C:\Works\NexusEP\NexusEP\nexusep\abbey\arrays\execution_kernels.py,1058,recompute_occupancy_after_execution,17520,17520,0.1243529,0.1243529,7.097768264840183e-06,7.097768264840183e-06
C:\Works\NexusEP\NexusEP\nexusep\abbey\arrays\execution_kernels.py,252,add_execution_gains_to_zone_dwelling_building,36715,36715,0.10302370000000001,0.10302370000000001,2.806038403922103e-06,2.806038403922103e-06
C:\Works\NexusEP\NexusEP\nexusep\abbey\arrays\timestep.py,214,add_gain_to_zone_dwelling_building,28470,28470,0.1020352,0.1020352,3.5839550403933967e-06,3.5839550403933967e-06
C:\Works\NexusEP\NexusEP\nexusep\abbey\arrays\airflow_kernels.py,330,calculate_window_airflow_for_zone_m3_s,43800,43800,0.056051500000000004,0.1009487,1.2797146118721462e-06,2.3047648401826486e-06
C:\Works\NexusEP\NexusEP\nexusep\abbey\arrays\person_kernels.py,377,compute_sleep_pressure_scores,8760,8760,0.0840828,0.0937723,9.59849315068493e-06,1.0704600456621006e-05
C:\Works\NexusEP\NexusEP\nexusep\abbey\arrays\daylight_kernels.py,121,_count_window_systems_for_zone,63875,63875,0.0782867,0.0782867,1.225623483365949e-06,1.225623483365949e-06
C:\Works\NexusEP\NexusEP\nexusep\abbey\arrays\execution_kernels.py,541,start_foreground_action_for_person,33365,33365,0.043514000000000004,0.07827970000000001,1.3041810280233778e-06,2.346162145961337e-06
C:\Works\NexusEP\NexusEP\nexusep\abbey\arrays\daylight_kernels.py,196,calculate_zone_blind_closed_fraction,32120,32120,0.0545857,0.0742708,1.6994302615193027e-06,2.312291407222914e-06
C:\Works\NexusEP\NexusEP\nexusep\abbey\arrays\timestep.py,402,aggregate_physics_demands_to_dwelling_building,8760,8760,0.07302070000000001,0.07302070000000001,8.335696347031965e-06,8.335696347031965e-06
C:\Works\NexusEP\NexusEP\nexusep\abbey\arrays\co2_kernels.py,324,semi_implicit_co2_update_scalar,43800,43800,0.0475567,0.07292570000000001,1.085769406392694e-06,1.6649703196347033e-06
C:\Works\NexusEP\NexusEP\nexusep\abbey\arrays\execution_kernels.py,206,reset_execution_outputs,8760,8760,0.0680323,0.0680323,7.766244292237443e-06,7.766244292237443e-06
C:\Works\NexusEP\NexusEP\nexusep\abbey\arrays\system_kernels.py,1323,add_system_power_to_dwelling_building,8760,8760,0.0644089,0.0644089,7.352614155251142e-06,7.352614155251142e-06
C:\Works\NexusEP\NexusEP\nexusep\abbey\arrays\person_kernels.py,296,work_obligation_score_for_person,35040,35040,0.037856400000000005,0.0641845,1.0803767123287672e-06,1.8317494292237444e-06
C:\Works\NexusEP\NexusEP\nexusep\abbey\arrays\action_kernels.py,2105,choose_best_action_indices_from_scores,8760,8760,0.0509606,0.057515500000000004,5.817420091324201e-06,6.565696347031964e-06
C:\Works\NexusEP\NexusEP\nexusep\abbey\arrays\airflow_kernels.py,203,calculate_mechanical_ventilation_flow_for_zone_m3_s,43800,43800,0.056718300000000006,0.056718300000000006,1.2949383561643838e-06,1.2949383561643838e-06
C:\Works\NexusEP\NexusEP\nexusep\abbey\arrays\timestep.py,348,sync_internal_gains_from_zone_state,8760,8760,0.0567114,0.0567114,6.4739041095890415e-06,6.4739041095890415e-06
C:\Works\NexusEP\NexusEP\nexusep\abbey\arrays\airflow_kernels.py,150,calculate_infiltration_flow_for_zone_m3_s,43800,43800,0.0181737,0.0551837,4.149246575342466e-07,1.2599018264840184e-06
C:\Works\NexusEP\NexusEP\nexusep\abbey\arrays\system_kernels.py,1377,add_lighting_gains_to_zones,8760,8760,0.0519188,0.0519188,5.9268036529680365e-06,5.9268036529680365e-06
C:\Works\NexusEP\NexusEP\nexusep\abbey\arrays\airflow_kernels.py,629,write_airflow_results_to_zone_state,8760,8760,0.039907500000000005,0.0486805,4.555650684931507e-06,5.557134703196347e-06
C:\Works\NexusEP\NexusEP\nexusep\abbey\arrays\action_kernels.py,2068,choose_best_actions_from_scores,8760,8760,0.0430885,0.045653700000000005,4.918778538812786e-06,5.2116095890410965e-06
C:\Works\NexusEP\NexusEP\nexusep\abbey\arrays\airflow_kernels.py,291,calculate_window_airflow_for_system_m3_s,43800,43800,0.025939700000000003,0.044897200000000005,5.92230593607306e-07,1.0250502283105024e-06
~,0,<built-in method numpy.zeros>,87600,87600,0.0398828,0.0398828,4.552831050228311e-07,4.552831050228311e-07
C:\Works\NexusEP\NexusEP\nexusep\abbey\arrays\logger.py,228,validate_simulation_array_logs,8760,8760,0.0171788,0.0377573,1.9610502283105024e-06,4.31019406392694e-06
C:\Works\NexusEP\NexusEP\nexusep\abbey\arrays\execution_kernels.py,1009,advance_background_processes,8760,8760,0.0179115,0.035766900000000004,2.044691780821918e-06,4.082979452054795e-06
C:\Works\NexusEP\NexusEP\nexusep\abbey\arrays\daylight_kernels.py,422,write_solar_gain_to_internal_gains,43800,43800,0.0355516,0.0355516,8.116803652968038e-07,8.116803652968038e-07
C:\Works\NexusEP\NexusEP\nexusep\abbey\arrays\daylight_kernels.py,91,_clip01,128480,128480,0.020685000000000002,0.0354832,1.6099782067247823e-07,2.7617683686176834e-07
C:\Works\NexusEP\NexusEP\nexusep\abbey\arrays\co2_kernels.py,229,calculate_outdoor_exchange_flow_for_zone_m3_s,43800,43800,0.0245573,0.034162000000000005,5.606689497716895e-07,7.799543378995435e-07
C:\Works\NexusEP\NexusEP\nexusep\abbey\arrays\daylight_kernels.py,95,_zone_is_outside,151475,151475,0.034069800000000004,0.034069800000000004,2.2492028387522697e-07,2.2492028387522697e-07
C:\Works\NexusEP\NexusEP\nexusep\abbey\arrays\daylight_kernels.py,140,calculate_outdoor_horizontal_illuminance_lux,35040,35040,0.014425200000000001,0.032972600000000005,4.1167808219178083e-07,9.409988584474887e-07
~,0,<built-in method builtins.abs>,594350,594350,0.0305138,0.0305138,5.1339782956170607e-08,5.1339782956170607e-08
C:\Works\NexusEP\NexusEP\nexusep\abbey\arrays\daylight_kernels.py,108,_weather_ghi_w_m2,78840,78840,0.0204814,0.029970300000000002,2.597843734145104e-07,3.8014079147640794e-07
C:\Works\NexusEP\NexusEP\nexusep\abbey\arrays\timestep.py,132,copy_current_external_inputs,8760,8760,0.0219657,0.029500400000000003,2.5075e-06,3.367625570776256e-06
~,0,<built-in method math.exp>,227760,227760,0.028378200000000003,0.028378200000000003,1.245969441517387e-07,1.245969441517387e-07
C:\Works\NexusEP\NexusEP\nexusep\abbey\arrays\daylight_kernels.py,399,write_daylight_result_to_zone_state,43800,43800,0.0283652,0.0283652,6.47607305936073e-07,6.47607305936073e-07
C:\Works\NexusEP\NexusEP\nexusep\abbey\arrays\logger.py,624,write_dwelling_log,8760,8760,0.0254674,0.026975500000000003,2.9072374429223744e-06,3.07939497716895e-06
C:\Works\NexusEP\NexusEP\nexusep\abbey\arrays\airflow_kernels.py,125,airflow_ach_to_m3_s,43800,43800,0.0157933,0.026221500000000002,3.6057762557077625e-07,5.986643835616439e-07
C:\Works\NexusEP\NexusEP\nexusep\abbey\arrays\person_kernels.py,1052,reset_zone_occupancy_from_person_state,8760,8760,0.0261236,0.0261236,2.982146118721461e-06,2.982146118721461e-06
C:\Works\NexusEP\NexusEP\nexusep\abbey\arrays\execution_kernels.py,312,add_execution_gains_to_person,33365,33365,0.025470800000000002,0.025470800000000002,7.63398771167391e-07,7.63398771167391e-07
C:\Works\NexusEP\NexusEP\nexusep\abbey\arrays\daylight_kernels.py,70,_non_negative,197100,197100,0.023289200000000003,0.023289200000000003,1.1815930999492645e-07,1.1815930999492645e-07
C:\Works\NexusEP\NexusEP\nexusep\abbey\arrays\execution_kernels.py,58,get_action_row_from_action_id,33365,33365,0.023125100000000003,0.023125100000000003,6.930945601678406e-07,6.930945601678406e-07
~,0,<built-in method math.tanh>,163781,163781,0.0206076,0.0206076,1.2582411879277816e-07,1.2582411879277816e-07
C:\Works\NexusEP\NexusEP\nexusep\abbey\arrays\logger.py,206,_validate_optional_3d_log,43800,43800,0.0175068,0.0205785,3.9969863013698626e-07,4.6982876712328765e-07
C:\Works\NexusEP\NexusEP\nexusep\abbey\arrays\airflow_kernels.py,101,_zone_is_outside,87600,87600,0.019785,0.019785,2.2585616438356166e-07,2.2585616438356166e-07
C:\Works\NexusEP\NexusEP\nexusep\abbey\arrays\logger.py,690,write_building_log,8760,8760,0.017233500000000002,0.018496600000000002,1.9672945205479454e-06,2.1114840182648404e-06
C:\Works\NexusEP\NexusEP\nexusep\abbey\arrays\execution_kernels.py,609,start_background_process_for_person,1675,1675,0.0086722,0.018369100000000003,5.177432835820896e-06,1.0966626865671643e-05
C:\Works\NexusEP\NexusEP\nexusep\abbey\arrays\co2_kernels.py,64,_non_negative,175200,175200,0.0182381,0.0182381,1.0409874429223744e-07,1.0409874429223744e-07
C:\Works\NexusEP\NexusEP\nexusep\abbey\arrays\daylight_kernels.py,99,_zone_floor_area_m2,86140,86140,0.017801900000000002,0.017801900000000002,2.0666241003018344e-07,2.0666241003018344e-07
C:\Works\NexusEP\NexusEP\nexusep\abbey\arrays\daylight_kernels.py,79,_clip,144540,144540,0.0167604,0.0167604,1.1595682855956829e-07,1.1595682855956829e-07
C:\Works\NexusEP\NexusEP\nexusep\abbey\arrays\co2_kernels.py,182,copy_zone_co2_gains_to_internal_gains,8760,8760,0.0157926,0.0157926,1.8028082191780823e-06,1.8028082191780823e-06
C:\Works\NexusEP\NexusEP\nexusep\abbey\arrays\daylight_kernels.py,232,blind_fraction_to_daylight_multiplier,16060,16060,0.006913300000000001,0.0149797,4.3046699875467e-07,9.32733499377335e-07
C:\Works\NexusEP\NexusEP\nexusep\abbey\arrays\execution_kernels.py,952,add_background_process_outputs,3350,3350,0.005046200000000001,0.0144641,1.5063283582089554e-06,4.317641791044776e-06
C:\Works\NexusEP\NexusEP\nexusep\abbey\arrays\daylight_kernels.py,251,blind_fraction_to_solar_multiplier,16060,16060,0.0060861000000000005,0.013817800000000002,3.7896014943960153e-07,8.603860523038606e-07
C:\Works\NexusEP\NexusEP\nexusep\abbey\arrays\execution_kernels.py,494,apply_action_finish_person_effects,12048,12048,0.011873400000000001,0.013315,9.855079681274901e-07,1.1051626826029216e-06
C:\Works\NexusEP\NexusEP\nexusep\abbey\arrays\execution_kernels.py,77,person_foreground_active,33365,33365,0.0130326,0.0130326,3.906069234227484e-07,3.906069234227484e-07
C:\Works\NexusEP\NexusEP\nexusep\abbey\arrays\airflow_kernels.py,97,_clip01,35040,35040,0.007427400000000001,0.0129137,2.119691780821918e-07,3.6854166666666665e-07
C:\Works\NexusEP\NexusEP\nexusep\abbey\arrays\co2_kernels.py,85,_zone_is_outside,43800,43800,0.011805000000000001,0.011805000000000001,2.695205479452055e-07,2.695205479452055e-07
C:\Works\NexusEP\NexusEP\nexusep\abbey\arrays\airflow_kernels.py,105,_zone_volume_m3,43800,43800,0.010788500000000001,0.010788500000000001,2.463127853881279e-07,2.463127853881279e-07
C:\Works\NexusEP\NexusEP\nexusep\abbey\arrays\co2_kernels.py,109,co2_gain_kg_s_to_ppm_s,43800,43800,0.0107376,0.0107376,2.4515068493150684e-07,2.4515068493150684e-07
C:\Works\NexusEP\NexusEP\nexusep\abbey\arrays\co2_kernels.py,89,_zone_volume_m3,43800,43800,0.010564700000000002,0.010564700000000002,2.41203196347032e-07,2.41203196347032e-07
C:\Works\NexusEP\NexusEP\nexusep\abbey\arrays\airflow_kernels.py,76,_non_negative,87600,87600,0.0104282,0.0104282,1.1904337899543379e-07,1.1904337899543379e-07
C:\Works\NexusEP\NexusEP\nexusep\abbey\arrays\airflow_kernels.py,440,calculate_all_interzone_flows_m3_s,8760,8760,0.0103108,0.0103108,1.1770319634703196e-06,1.1770319634703196e-06
~,0,<built-in method builtins.max>,52775,52775,0.010036900000000001,0.010036900000000001,1.901828517290384e-07,1.901828517290384e-07
C:\Works\NexusEP\NexusEP\nexusep\abbey\arrays\execution_kernels.py,332,apply_action_system_effects,12052,12052,0.008996,0.008996,7.464321274477265e-07,7.464321274477265e-07
C:\Works\NexusEP\NexusEP\nexusep\abbey\arrays\logger.py,261,_validate_time_index,43800,43800,0.008974900000000001,0.008974900000000001,2.0490639269406395e-07,2.0490639269406395e-07
C:\Works\NexusEP\NexusEP\nexusep\abbey\arrays\person_kernels.py,95,minute_window_active,17520,17520,0.008789100000000001,0.008789100000000001,5.016609589041097e-07,5.016609589041097e-07
C:\Works\NexusEP\NexusEP\nexusep\abbey\arrays\co2_kernels.py,205,get_zone_co2_gain_kg_s,43800,43800,0.0087347,0.0087347,1.9942237442922373e-07,1.9942237442922373e-07
~,0,<built-in method builtins.min>,36715,36715,0.0086951,0.0086951,2.3682690998229608e-07,2.3682690998229608e-07
C:\Works\NexusEP\NexusEP\nexusep\abbey\arrays\person_kernels.py,88,minute_forward_distance,45990,45990,0.008440300000000001,0.008440300000000001,1.8352467927810397e-07,1.8352467927810397e-07
C:\Works\NexusEP\NexusEP\nexusep\abbey\arrays\person_kernels.py,56,sigmoid,35040,35040,0.0065918,0.007868100000000001,1.8812214611872146e-07,2.2454623287671237e-07
C:\Works\NexusEP\NexusEP\nexusep\abbey\arrays\execution_kernels.py,84,clear_person_foreground_action,10373,10373,0.0075355000000000005,0.0075355000000000005,7.264532922009063e-07,7.264532922009063e-07
C:\Works\NexusEP\NexusEP\nexusep\abbey\arrays\timestep.py,110,_series_row_index,17520,17520,0.0075347,0.0075347,4.300627853881279e-07,4.300627853881279e-07
C:\Works\NexusEP\NexusEP\nexusep\abbey\arrays\airflow_kernels.py,85,_clip,43792,43792,0.0067751,0.0067751,1.5471090610157107e-07,1.5471090610157107e-07
C:\Works\NexusEP\NexusEP\nexusep\abbey\arrays\execution_kernels.py,436,apply_action_start_person_effects,10377,10377,0.006256,0.006256,6.028717355690469e-07,6.028717355690469e-07
C:\Works\NexusEP\NexusEP\nexusep\abbey\arrays\airflow_kernels.py,264,calculate_window_wind_factor,8752,8752,0.0047550000000000005,0.0060438,5.433043875685558e-07,6.905621572212066e-07
C:\Works\NexusEP\NexusEP\nexusep\abbey\arrays\co2_kernels.py,73,_clip,43800,43800,0.005998000000000001,0.005998000000000001,1.3694063926940642e-07,1.3694063926940642e-07
C:\Works\NexusEP\NexusEP\nexusep\abbey\arrays\execution_kernels.py,97,get_action_target_zone_id,12052,12052,0.0059912,0.0059912,4.971125124460671e-07,4.971125124460671e-07
~,0,<built-in method numpy.empty>,8760,8760,0.005958700000000001,0.005958700000000001,6.80216894977169e-07,6.80216894977169e-07
C:\Works\NexusEP\NexusEP\nexusep\abbey\arrays\timestep.py,823,get_schedule_array_for_state,8760,8760,0.0051348,0.0051348,5.861643835616438e-07,5.861643835616438e-07
C:\Works\NexusEP\NexusEP\nexusep\abbey\arrays\co2_kernels.py,252,calculate_interzone_flow_terms_for_zone,43800,43800,0.0042928,0.0042928,9.800913242009133e-08,9.800913242009133e-08
~,0,<built-in method math.sqrt>,28470,28470,0.0037561,0.0037561,1.3193185809624166e-07,1.3193185809624166e-07
~,0,<built-in method builtins.isinstance>,43800,43800,0.0030717,0.0030717,7.013013698630137e-08,7.013013698630137e-08
C:\Works\NexusEP\NexusEP\nexusep\abbey\arrays\execution_kernels.py,183,same_background_process_running,1675,1675,0.0029402,0.0029402,1.7553432835820897e-06,1.7553432835820897e-06
C:\Works\NexusEP\NexusEP\nexusep\abbey\arrays\execution_kernels.py,122,get_action_target_system_id,12052,12052,0.0029317,0.0029317,2.4325423166279455e-07,2.4325423166279455e-07
C:\Works\NexusEP\NexusEP\nexusep\abbey\arrays\timestep.py,844,get_dt_minutes_for_state,8760,8760,0.0024266,0.0024266,2.7700913242009133e-07,2.7700913242009133e-07
C:\Works\NexusEP\NexusEP\nexusep\abbey\arrays\execution_kernels.py,932,clear_process_slot,1675,1675,0.0021812000000000003,0.0021812000000000003,1.3022089552238807e-06,1.3022089552238807e-06
C:\Works\NexusEP\NexusEP\nexusep\abbey\arrays\execution_kernels.py,46,clamp01,8109,8109,0.0014416000000000001,0.0014416000000000001,1.777777777777778e-07,1.777777777777778e-07
C:\Works\NexusEP\NexusEP\nexusep\abbey\arrays\execution_kernels.py,133,find_free_process_slot,1675,1675,0.0012387000000000001,0.0012387000000000001,7.395223880597016e-07,7.395223880597016e-07
C:\Works\NexusEP\NexusEP\nexusep\abbey\arrays\person_kernels.py,48,clamp01,6570,6570,0.0012306,0.0012306,1.8730593607305937e-07,1.8730593607305937e-07
C:\Works\NexusEP\NexusEP\nexusep\abbey\arrays\execution_kernels.py,146,action_type_to_process_type,1675,1675,0.0007566000000000001,0.0007566000000000001,4.5170149253731346e-07,4.5170149253731346e-07
~,0,<method 'disable' of '_lsprof.Profiler' objects>,1,1,8.1e-06,8.1e-06,8.1e-06,8.1e-06
